<?xml version="1.0" encoding="UTF-8"?>
<project-private xmlns="http://www.netbeans.org/ns/project-private/1">
    <editor-bookmarks xmlns="http://www.netbeans.org/ns/editor-bookmarks/2" lastBookmarkId="0"/>
    <open-files xmlns="http://www.netbeans.org/ns/projectui-open-files/2">
        <group>
            <file>file:/home/usuari/NetBeansProjects/RocaXavierUF5Pe/src/rocaxavieruf5pe/Ex02.java</file>
            <file>file:/home/usuari/NetBeansProjects/RocaXavierUF5Pe/src/Model/Club.java</file>
            <file>file:/home/usuari/NetBeansProjects/RocaXavierUF5Pe/src/Model/Soci.java</file>
            <file>file:/home/usuari/NetBeansProjects/RocaXavierUF5Pe/src/rocaxavieruf5pe/Ex01.java</file>
            <file>file:/home/usuari/NetBeansProjects/RocaXavierUF5Pe/src/Model/ClubMap.java</file>
            <file>file:/home/usuari/NetBeansProjects/RocaXavierUF5Pe/src/Model/Activitat.java</file>
        </group>
    </open-files>
</project-private>
