<?xml version="1.0" encoding="UTF-8"?>
<project-private xmlns="http://www.netbeans.org/ns/project-private/1">
    <editor-bookmarks xmlns="http://www.netbeans.org/ns/editor-bookmarks/2" lastBookmarkId="0"/>
    <open-files xmlns="http://www.netbeans.org/ns/projectui-open-files/2">
        <group>
            <file>file:/home/agustincintas/NetBeansProjects/CintasSoriano_Agustin_UF5_M3_Projecte/src/cintassoriano_agustin_uf5_m3_projecte/util/Util.java</file>
            <file>file:/home/agustincintas/NetBeansProjects/CintasSoriano_Agustin_UF5_M3_Projecte/src/cintassoriano_agustin_uf5_m3_projecte/Principal.java</file>
            <file>file:/home/agustincintas/NetBeansProjects/CintasSoriano_Agustin_UF5_M3_Projecte/src/model/Categoria.java</file>
            <file>file:/home/agustincintas/NetBeansProjects/CintasSoriano_Agustin_UF5_M3_Projecte/src/controlador/ExControlador.java</file>
            <file>file:/home/agustincintas/NetBeansProjects/CintasSoriano_Agustin_UF5_M3_Projecte/src/model/Videojoc.java</file>
            <file>file:/home/agustincintas/NetBeansProjects/CintasSoriano_Agustin_UF5_M3_Projecte/src/model/Tematica.java</file>
            <file>file:/home/agustincintas/NetBeansProjects/CintasSoriano_Agustin_UF5_M3_Projecte/src/view/VentanaMenu.java</file>
            <file>file:/home/agustincintas/NetBeansProjects/CintasSoriano_Agustin_UF5_M3_Projecte/src/model/Magatzem.java</file>
            <file>file:/home/agustincintas/NetBeansProjects/CintasSoriano_Agustin_UF5_M3_Projecte/src/view/Ventana.java</file>
        </group>
    </open-files>
</project-private>
