<?xml version="1.0" encoding="UTF-8"?>
<project-private xmlns="http://www.netbeans.org/ns/project-private/1">
    <editor-bookmarks xmlns="http://www.netbeans.org/ns/editor-bookmarks/2" lastBookmarkId="0"/>
    <open-files xmlns="http://www.netbeans.org/ns/projectui-open-files/2">
        <group>
            <file>file:/home/alfredo/dades/IESCV/M3_Programacio/UF5-LlibreriesFonamentals/Col.leccions/Solucions/M3_UF5_Ex_5_6_Sol/src/Exercici5/Principal.java</file>
            <file>file:/home/alfredo/dades/IESCV/M3_Programacio/UF5-LlibreriesFonamentals/Col.leccions/Solucions/M3_UF5_Ex_5_6_Sol/src/Exercici5/Alumne.java</file>
            <file>file:/home/alfredo/dades/IESCV/M3_Programacio/UF5-LlibreriesFonamentals/Col.leccions/Solucions/M3_UF5_Ex_5_6_Sol/src/Exercici6/Empresa.java</file>
            <file>file:/home/alfredo/dades/IESCV/M3_Programacio/UF5-LlibreriesFonamentals/Col.leccions/Solucions/M3_UF5_Ex_5_6_Sol/src/Exercici6/Treballador.java</file>
            <file>file:/home/alfredo/dades/IESCV/M3_Programacio/UF5-LlibreriesFonamentals/Col.leccions/Solucions/M3_UF5_Ex_5_6_Sol/src/Exercici6/Principal.java</file>
            <file>file:/home/alfredo/dades/IESCV/M3_Programacio/UF5-LlibreriesFonamentals/Col.leccions/Solucions/M3_UF5_Ex_5_6_Sol/src/Exercici5/Curs.java</file>
        </group>
    </open-files>
</project-private>
