<?xml version="1.0" encoding="UTF-8"?>
<project-private xmlns="http://www.netbeans.org/ns/project-private/1">
    <editor-bookmarks xmlns="http://www.netbeans.org/ns/editor-bookmarks/2" lastBookmarkId="0"/>
    <open-files xmlns="http://www.netbeans.org/ns/projectui-open-files/2">
        <group>
            <file>file:/home/alfredo/dades/IESCV/M3-1_Programacio/UF5-LlibreriesFonamentals/Excepcions/Explicacio_Excepcions/src/explicacio_excepcions/LaMevaExcepcio.java</file>
            <file>file:/home/alfredo/dades/IESCV/M3-1_Programacio/UF5-LlibreriesFonamentals/Excepcions/Explicacio_Excepcions/src/explicacio_excepcions/Excepcio_08_prova3.java</file>
            <file>file:/home/alfredo/dades/IESCV/M3-1_Programacio/UF5-LlibreriesFonamentals/Excepcions/Explicacio_Excepcions/src/explicacio_excepcions/Excepcio_01.java</file>
            <file>file:/home/alfredo/dades/IESCV/M3-1_Programacio/UF5-LlibreriesFonamentals/Excepcions/Explicacio_Excepcions/src/explicacio_excepcions/Excepcio_05.java</file>
            <file>file:/home/alfredo/dades/IESCV/M3-1_Programacio/UF5-LlibreriesFonamentals/Excepcions/Explicacio_Excepcions/src/explicacio_excepcions/Excepcio_11.java</file>
            <file>file:/home/alfredo/dades/IESCV/M3-1_Programacio/UF5-LlibreriesFonamentals/Excepcions/Explicacio_Excepcions/src/explicacio_excepcions/Excepcio_08.java</file>
            <file>file:/home/alfredo/dades/IESCV/M3-1_Programacio/UF5-LlibreriesFonamentals/Excepcions/Explicacio_Excepcions/src/explicacio_excepcions/Excepcio_03.java</file>
            <file>file:/home/alfredo/dades/IESCV/M3-1_Programacio/UF5-LlibreriesFonamentals/Excepcions/Explicacio_Excepcions/src/explicacio_excepcions/Excepcio_06.java</file>
            <file>file:/home/alfredo/dades/IESCV/M3-1_Programacio/UF5-LlibreriesFonamentals/Excepcions/Explicacio_Excepcions/src/explicacio_excepcions/Excepcio_08_prova1.java</file>
            <file>file:/home/alfredo/dades/IESCV/M3-1_Programacio/UF5-LlibreriesFonamentals/Excepcions/Explicacio_Excepcions/src/explicacio_excepcions/Excepcio_10.java</file>
            <file>file:/home/alfredo/dades/IESCV/M3-1_Programacio/UF5-LlibreriesFonamentals/Excepcions/Explicacio_Excepcions/src/explicacio_excepcions/Excepcio_09.java</file>
            <file>file:/home/alfredo/dades/IESCV/M3-1_Programacio/UF5-LlibreriesFonamentals/Excepcions/Explicacio_Excepcions/src/explicacio_excepcions/Excepcio_02.java</file>
            <file>file:/home/alfredo/dades/IESCV/M3-1_Programacio/UF5-LlibreriesFonamentals/Excepcions/Explicacio_Excepcions/src/explicacio_excepcions/Excepcio_04.java</file>
            <file>file:/home/alfredo/dades/IESCV/M3-1_Programacio/UF5-LlibreriesFonamentals/Excepcions/Explicacio_Excepcions/src/explicacio_excepcions/Excepcio_07.java</file>
            <file>file:/home/alfredo/dades/IESCV/M3-1_Programacio/UF5-LlibreriesFonamentals/Excepcions/Explicacio_Excepcions/src/explicacio_excepcions/Excepcio_08_prova2.java</file>
        </group>
    </open-files>
</project-private>
