<?xml version="1.0" encoding="UTF-8"?>
<project-private xmlns="http://www.netbeans.org/ns/project-private/1">
    <editor-bookmarks xmlns="http://www.netbeans.org/ns/editor-bookmarks/2" lastBookmarkId="0"/>
    <open-files xmlns="http://www.netbeans.org/ns/projectui-open-files/2">
        <group>
            <file>file:/home/usuari/Dropbox/Unidad%20externa.dbx-external-drive/M3/UF4/RocaXavierM3UF4-Pt1/src/rocaxavierm3uf4/pt1/Persona.java</file>
            <file>file:/home/usuari/Dropbox/Unidad%20externa.dbx-external-drive/M3/UF4/RocaXavierM3UF4-Pt1/src/rocaxavierm3uf4/pt1/Universitat.java</file>
            <file>file:/home/usuari/Dropbox/Unidad%20externa.dbx-external-drive/M3/UF4/RocaXavierM3UF4-Pt1/src/rocaxavierm3uf4/pt1/Professor.java</file>
            <file>file:/home/usuari/Dropbox/Unidad%20externa.dbx-external-drive/M3/UF4/RocaXavierM3UF4-Pt1/src/rocaxavierm3uf4/pt1/Doctorat.java</file>
            <file>file:/home/usuari/Dropbox/Unidad%20externa.dbx-external-drive/M3/UF4/RocaXavierM3UF4-Pt1/src/rocaxavierm3uf4/pt1/Alumne.java</file>
            <file>file:/home/usuari/Dropbox/Unidad%20externa.dbx-external-drive/M3/UF4/RocaXavierM3UF4-Pt1/src/rocaxavierm3uf4/pt1/Util.java</file>
            <file>file:/home/usuari/Dropbox/Unidad%20externa.dbx-external-drive/M3/UF4/RocaXavierM3UF4-Pt1/src/rocaxavierm3uf4/pt1/Becat.java</file>
            <file>file:/home/usuari/Dropbox/Unidad%20externa.dbx-external-drive/M3/UF4/RocaXavierM3UF4-Pt1/src/rocaxavierm3uf4/pt1/Main.java</file>
            <file>file:/home/usuari/Dropbox/Unidad%20externa.dbx-external-drive/M3/UF4/RocaXavierM3UF4-Pt1/src/rocaxavierm3uf4/pt1/Assignatura.java</file>
        </group>
    </open-files>
</project-private>
