<?xml version="1.0" encoding="UTF-8"?>
<project-private xmlns="http://www.netbeans.org/ns/project-private/1">
    <editor-bookmarks xmlns="http://www.netbeans.org/ns/editor-bookmarks/2" lastBookmarkId="0"/>
    <open-files xmlns="http://www.netbeans.org/ns/projectui-open-files/2">
        <group>
            <file>file:/F:/M3/XavierRocaUF2Metodes2/src/xavierrocauf2metodes2/Ex05.java</file>
            <file>file:/F:/M3/XavierRocaUF2Metodes2/src/xavierrocauf2metodes2/Ex02.java</file>
            <file>file:/F:/M3/XavierRocaUF2Metodes2/src/xavierrocauf2metodes2/Ex07.java</file>
            <file>file:/F:/M3/XavierRocaUF2Metodes2/src/xavierrocauf2metodes2/Ex01.java</file>
            <file>file:/F:/M3/XavierRocaUF2Metodes2/src/xavierrocauf2metodes2/Ex04.java</file>
            <file>file:/F:/M3/XavierRocaUF2Metodes2/src/xavierrocauf2metodes2/Ex06.java</file>
        </group>
    </open-files>
</project-private>
