<?xml version="1.0" encoding="UTF-8"?>
<project-private xmlns="http://www.netbeans.org/ns/project-private/1">
    <editor-bookmarks xmlns="http://www.netbeans.org/ns/editor-bookmarks/2" lastBookmarkId="0"/>
    <open-files xmlns="http://www.netbeans.org/ns/projectui-open-files/2">
        <group>
            <file>file:/home/alfredo/dades/IESCV/M3_Programacio/UF5-LlibreriesFonamentals/GUI/ExempleMVC/src/controler/ExempleCtrl.java</file>
            <file>file:/home/alfredo/dades/IESCV/M3_Programacio/UF5-LlibreriesFonamentals/GUI/ExempleMVC/src/view/ExempleForm.java</file>
            <file>file:/home/alfredo/dades/IESCV/M3_Programacio/UF5-LlibreriesFonamentals/GUI/ExempleMVC/src/util/Util.java</file>
        </group>
    </open-files>
</project-private>
