<?xml version="1.0" encoding="UTF-8"?>
<project-private xmlns="http://www.netbeans.org/ns/project-private/1">
    <editor-bookmarks xmlns="http://www.netbeans.org/ns/editor-bookmarks/2" lastBookmarkId="0"/>
    <open-files xmlns="http://www.netbeans.org/ns/projectui-open-files/2">
        <group>
            <file>file:/home/usuari/Dropbox/Unidad%20externa.dbx-external-drive/M3/UF4/XavierRocaUF4ObjectesInterficies/src/xavierrocauf4objectesinterficies/DispositiuParticules.java</file>
            <file>file:/home/usuari/Dropbox/Unidad%20externa.dbx-external-drive/M3/UF4/XavierRocaUF4ObjectesInterficies/src/xavierrocauf4objectesinterficies/Ex08.java</file>
            <file>file:/home/usuari/Dropbox/Unidad%20externa.dbx-external-drive/M3/UF4/XavierRocaUF4ObjectesInterficies/src/xavierrocauf4objectesinterficies/DispositiuSoroll.java</file>
            <file>file:/home/usuari/Dropbox/Unidad%20externa.dbx-external-drive/M3/UF4/XavierRocaUF4ObjectesInterficies/src/xavierrocauf4objectesinterficies/I_Activacio.java</file>
            <file>file:/home/usuari/Dropbox/Unidad%20externa.dbx-external-drive/M3/UF4/XavierRocaUF4ObjectesInterficies/src/xavierrocauf4objectesinterficies/Empresa.java</file>
        </group>
    </open-files>
</project-private>
