<?xml version="1.0" encoding="UTF-8"?>
<project-private xmlns="http://www.netbeans.org/ns/project-private/1">
    <editor-bookmarks xmlns="http://www.netbeans.org/ns/editor-bookmarks/2" lastBookmarkId="0"/>
    <open-files xmlns="http://www.netbeans.org/ns/projectui-open-files/2">
        <group>
            <file>file:/home/alfredo/dades/IESCV/M3_Programacio/UF5-LlibreriesFonamentals/Col.leccions/M3_UF5_Collections_Exemples/src/P4_Comparacions/Persona.java</file>
            <file>file:/home/alfredo/dades/IESCV/M3_Programacio/UF5-LlibreriesFonamentals/Col.leccions/M3_UF5_Collections_Exemples/src/P7_Ex_7a_Diccionari/Diccionari.java</file>
            <file>file:/home/alfredo/dades/IESCV/M3_Programacio/UF5-LlibreriesFonamentals/Col.leccions/M3_UF5_Collections_Exemples/src/P6_Maps/Principal.java</file>
            <file>file:/home/alfredo/dades/IESCV/M3_Programacio/UF5-LlibreriesFonamentals/Col.leccions/M3_UF5_Collections_Exemples/src/P5__ExempleSet/Garatge.java</file>
            <file>file:/home/alfredo/dades/IESCV/M3_Programacio/UF5-LlibreriesFonamentals/Col.leccions/M3_UF5_Collections_Exemples/src/P7_Ex_7a_Diccionari/Principal.java</file>
            <file>file:/home/alfredo/dades/IESCV/M3_Programacio/UF5-LlibreriesFonamentals/Col.leccions/M3_UF5_Collections_Exemples/src/P5_Sets/Principal.java</file>
            <file>file:/home/alfredo/dades/IESCV/M3_Programacio/UF5-LlibreriesFonamentals/Col.leccions/M3_UF5_Collections_Exemples/src/P4_Comparacions/Principal.java</file>
            <file>file:/home/alfredo/dades/IESCV/M3_Programacio/UF5-LlibreriesFonamentals/Col.leccions/M3_UF5_Collections_Exemples/src/P5__ExempleSet/Cotxe.java</file>
            <file>file:/home/alfredo/dades/IESCV/M3_Programacio/UF5-LlibreriesFonamentals/Col.leccions/M3_UF5_Collections_Exemples/src/P5__ExempleSet/Principal.java</file>
        </group>
    </open-files>
</project-private>
