<?xml version="1.0" encoding="UTF-8"?>
<project-private xmlns="http://www.netbeans.org/ns/project-private/1">
    <editor-bookmarks xmlns="http://www.netbeans.org/ns/editor-bookmarks/2" lastBookmarkId="0"/>
    <open-files xmlns="http://www.netbeans.org/ns/projectui-open-files/2">
        <group>
            <file>file:/home/usuari/Dropbox/Unidad%20externa.dbx-external-drive/M3/UF4/XavierRocaUF4ObjectesHerencia/src/xavierrocauf4objectesherencia/Ex03.java</file>
            <file>file:/home/usuari/Dropbox/Unidad%20externa.dbx-external-drive/M3/UF4/XavierRocaUF4ObjectesHerencia/src/xavierrocauf4objectesherencia/Client.java</file>
            <file>file:/home/usuari/Dropbox/Unidad%20externa.dbx-external-drive/M3/UF4/XavierRocaUF4ObjectesHerencia/src/xavierrocauf4objectesherencia/Televisor.java</file>
            <file>file:/home/usuari/Dropbox/Unidad%20externa.dbx-external-drive/M3/UF4/XavierRocaUF4ObjectesHerencia/src/xavierrocauf4objectesherencia/Electrodomestic.java</file>
            <file>file:/home/usuari/Dropbox/Unidad%20externa.dbx-external-drive/M3/UF4/XavierRocaUF4ObjectesHerencia/src/xavierrocauf4objectesherencia/Pacient.java</file>
            <file>file:/home/usuari/Dropbox/Unidad%20externa.dbx-external-drive/M3/UF4/XavierRocaUF4ObjectesHerencia/src/xavierrocauf4objectesherencia/Empresa.java</file>
            <file>file:/home/usuari/Dropbox/Unidad%20externa.dbx-external-drive/M3/UF4/XavierRocaUF4ObjectesHerencia/src/xavierrocauf4objectesherencia/Ex01.java</file>
            <file>file:/home/usuari/Dropbox/Unidad%20externa.dbx-external-drive/M3/UF4/XavierRocaUF4ObjectesHerencia/src/xavierrocauf4objectesherencia/TelevisorTDT.java</file>
            <file>file:/home/usuari/Dropbox/Unidad%20externa.dbx-external-drive/M3/UF4/XavierRocaUF4ObjectesHerencia/src/xavierrocauf4objectesherencia/Ex04.java</file>
            <file>file:/home/usuari/Dropbox/Unidad%20externa.dbx-external-drive/M3/UF4/XavierRocaUF4ObjectesHerencia/src/xavierrocauf4objectesherencia/Ex02.java</file>
            <file>file:/home/usuari/Dropbox/Unidad%20externa.dbx-external-drive/M3/UF4/XavierRocaUF4ObjectesHerencia/src/xavierrocauf4objectesherencia/Rentadora.java</file>
            <file>file:/home/usuari/Dropbox/Unidad%20externa.dbx-external-drive/M3/UF4/XavierRocaUF4ObjectesHerencia/src/xavierrocauf4objectesherencia/Persona.java</file>
            <file>file:/home/usuari/Dropbox/Unidad%20externa.dbx-external-drive/M3/UF4/XavierRocaUF4ObjectesHerencia/src/xavierrocauf4objectesherencia/Tenda.java</file>
            <file>file:/home/usuari/Dropbox/Unidad%20externa.dbx-external-drive/M3/UF4/XavierRocaUF4ObjectesHerencia/src/xavierrocauf4objectesherencia/util.java</file>
        </group>
    </open-files>
</project-private>
