<?xml version="1.0" encoding="UTF-8"?>
<project-private xmlns="http://www.netbeans.org/ns/project-private/1">
    <editor-bookmarks xmlns="http://www.netbeans.org/ns/editor-bookmarks/2" lastBookmarkId="0"/>
    <open-files xmlns="http://www.netbeans.org/ns/projectui-open-files/2">
        <group>
            <file>file:/home/usuari/Dropbox/Unidad%20externa.dbx-external-drive/M3/UF5/XavierRocaUF5IOSerialitzacio/src/xavierrocauf5ioserialitzacio/Ex01.java</file>
            <file>file:/home/usuari/Dropbox/Unidad%20externa.dbx-external-drive/M3/UF5/XavierRocaUF5IOSerialitzacio/src/xavierrocauf5ioserialitzacio/Ex03.java</file>
            <file>file:/home/usuari/Dropbox/Unidad%20externa.dbx-external-drive/M3/UF5/XavierRocaUF5IOSerialitzacio/src/xavierrocauf5ioserialitzacio/Propietari.java</file>
            <file>file:/home/usuari/Dropbox/Unidad%20externa.dbx-external-drive/M3/UF5/XavierRocaUF5IOSerialitzacio/src/xavierrocauf5ioserialitzacio/Nota.java</file>
            <file>file:/home/usuari/Dropbox/Unidad%20externa.dbx-external-drive/M3/UF5/XavierRocaUF5IOSerialitzacio/src/xavierrocauf5ioserialitzacio/Ex02.java</file>
            <file>file:/home/usuari/Dropbox/Unidad%20externa.dbx-external-drive/M3/UF5/XavierRocaUF5IOSerialitzacio/src/xavierrocauf5ioserialitzacio/Curs.java</file>
            <file>file:/home/usuari/Dropbox/Unidad%20externa.dbx-external-drive/M3/UF5/XavierRocaUF5IOSerialitzacio/src/xavierrocauf5ioserialitzacio/Casa.java</file>
            <file>file:/home/usuari/Dropbox/Unidad%20externa.dbx-external-drive/M3/UF5/XavierRocaUF5IOSerialitzacio/src/xavierrocauf5ioserialitzacio/Alumne.java</file>
        </group>
    </open-files>
</project-private>
