<?xml version="1.0" encoding="UTF-8"?>
<project-private xmlns="http://www.netbeans.org/ns/project-private/1">
    <editor-bookmarks xmlns="http://www.netbeans.org/ns/editor-bookmarks/2" lastBookmarkId="0"/>
    <open-files xmlns="http://www.netbeans.org/ns/projectui-open-files/2">
        <group>
            <file>file:/media/usuari/0FAFB1061A42A065/M3/XavierRocaExercici6.Bidimensional/src/xavierrocaexercici6/bidimensional/Ex03.java</file>
            <file>file:/media/usuari/0FAFB1061A42A065/M3/XavierRocaExercici6.Bidimensional/src/xavierrocaexercici6/bidimensional/Ex06.java</file>
            <file>file:/media/usuari/0FAFB1061A42A065/M3/XavierRocaExercici6.Bidimensional/src/xavierrocaexercici6/bidimensional/Ex10.java</file>
            <file>file:/media/usuari/0FAFB1061A42A065/M3/XavierRocaExercici6.Bidimensional/src/xavierrocaexercici6/bidimensional/Ex14.java</file>
            <file>file:/media/usuari/0FAFB1061A42A065/M3/XavierRocaExercici6.Bidimensional/src/xavierrocaexercici6/bidimensional/Ex11.java</file>
            <file>file:/media/usuari/0FAFB1061A42A065/M3/XavierRocaExercici6.Bidimensional/src/xavierrocaexercici6/bidimensional/Ex07.java</file>
            <file>file:/media/usuari/0FAFB1061A42A065/M3/XavierRocaExercici6.Bidimensional/src/xavierrocaexercici6/bidimensional/Ex04.java</file>
            <file>file:/media/usuari/0FAFB1061A42A065/M3/XavierRocaExercici6.Bidimensional/src/xavierrocaexercici6/bidimensional/Ex09.java</file>
            <file>file:/media/usuari/0FAFB1061A42A065/M3/XavierRocaExercici6.Bidimensional/src/xavierrocaexercici6/bidimensional/Ex01.java</file>
            <file>file:/media/usuari/0FAFB1061A42A065/M3/XavierRocaExercici6.Bidimensional/src/xavierrocaexercici6/bidimensional/Ex12.java</file>
            <file>file:/media/usuari/0FAFB1061A42A065/M3/XavierRocaExercici6.Bidimensional/src/xavierrocaexercici6/bidimensional/Ex08.java</file>
            <file>file:/media/usuari/0FAFB1061A42A065/M3/XavierRocaExercici6.Bidimensional/src/xavierrocaexercici6/bidimensional/Ex02.java</file>
            <file>file:/media/usuari/0FAFB1061A42A065/M3/XavierRocaExercici6.Bidimensional/src/xavierrocaexercici6/bidimensional/Ex15.java</file>
            <file>file:/media/usuari/0FAFB1061A42A065/M3/XavierRocaExercici6.Bidimensional/src/xavierrocaexercici6/bidimensional/Ex16.java</file>
            <file>file:/media/usuari/0FAFB1061A42A065/M3/XavierRocaExercici6.Bidimensional/src/xavierrocaexercici6/bidimensional/Ex05.java</file>
            <file>file:/media/usuari/0FAFB1061A42A065/M3/XavierRocaExercici6.Bidimensional/src/xavierrocaexercici6/bidimensional/Ex13.java</file>
        </group>
    </open-files>
</project-private>
