<?xml version="1.0" encoding="UTF-8"?>
<project-private xmlns="http://www.netbeans.org/ns/project-private/1">
    <editor-bookmarks xmlns="http://www.netbeans.org/ns/editor-bookmarks/2" lastBookmarkId="0"/>
    <open-files xmlns="http://www.netbeans.org/ns/projectui-open-files/2">
        <group>
            <file>file:/media/usuari/0FAFB1061A42A065/M3/XavierRocaPt2.Buscaminas/src/xavierrocapt2/buscaminas/Util.java</file>
            <file>file:/media/usuari/0FAFB1061A42A065/M3/XavierRocaPt2.Buscaminas/src/xavierrocapt2/buscaminas/Buscaminas.java</file>
        </group>
    </open-files>
</project-private>
