<?xml version="1.0" encoding="UTF-8"?>
<project-private xmlns="http://www.netbeans.org/ns/project-private/1">
    <editor-bookmarks xmlns="http://www.netbeans.org/ns/editor-bookmarks/2" lastBookmarkId="0"/>
    <open-files xmlns="http://www.netbeans.org/ns/projectui-open-files/2">
        <group>
            <file>file:/home/usuari/Dropbox/Unidad%20externa.dbx-external-drive/M3/UF5/XavierRocaUF5Col·leccionsSet/src/xavierrocauf5col/leccionsset/Alumne.java</file>
            <file>file:/home/usuari/Dropbox/Unidad%20externa.dbx-external-drive/M3/UF5/XavierRocaUF5Col·leccionsSet/src/xavierrocauf5col/leccionsset/Empresa.java</file>
            <file>file:/home/usuari/Dropbox/Unidad%20externa.dbx-external-drive/M3/UF5/XavierRocaUF5Col·leccionsSet/src/xavierrocauf5col/leccionsset/Treballador.java</file>
            <file>file:/home/usuari/Dropbox/Unidad%20externa.dbx-external-drive/M3/UF5/XavierRocaUF5Col·leccionsSet/src/xavierrocauf5col/leccionsset/Ex06.java</file>
            <file>file:/home/usuari/Dropbox/Unidad%20externa.dbx-external-drive/M3/UF5/XavierRocaUF5Col·leccionsSet/src/xavierrocauf5col/leccionsset/Ex05.java</file>
            <file>file:/home/usuari/Dropbox/Unidad%20externa.dbx-external-drive/M3/UF5/XavierRocaUF5Col·leccionsSet/src/xavierrocauf5col/leccionsset/Curs.java</file>
        </group>
    </open-files>
</project-private>
