<?xml version="1.0" encoding="UTF-8"?>
<project-private xmlns="http://www.netbeans.org/ns/project-private/1">
    <editor-bookmarks xmlns="http://www.netbeans.org/ns/editor-bookmarks/2" lastBookmarkId="0"/>
    <open-files xmlns="http://www.netbeans.org/ns/projectui-open-files/2">
        <group>
            <file>file:/home/usuari/Dropbox/Unidad%20externa.dbx-external-drive/1rAny/M3/UF6/XavierRocaUF6-JDBC/src/model/Pelicula.java</file>
            <file>file:/home/usuari/Dropbox/Unidad%20externa.dbx-external-drive/1rAny/M3/UF6/XavierRocaUF6-JDBC/src/xavierrocauf6/jdbc/Ex02.java</file>
            <file>file:/home/usuari/Dropbox/Unidad%20externa.dbx-external-drive/1rAny/M3/UF6/XavierRocaUF6-JDBC/src/xavierrocauf6/jdbc/BDUtil2.java</file>
            <file>file:/home/usuari/Dropbox/Unidad%20externa.dbx-external-drive/1rAny/M3/UF6/XavierRocaUF6-JDBC/src/model/Director.java</file>
            <file>file:/home/usuari/Dropbox/Unidad%20externa.dbx-external-drive/1rAny/M3/UF6/XavierRocaUF6-JDBC/src/xavierrocauf6/jdbc/BDUtil.java</file>
            <file>file:/home/usuari/Dropbox/Unidad%20externa.dbx-external-drive/1rAny/M3/UF6/XavierRocaUF6-JDBC/src/model/Propietari.java</file>
            <file>file:/home/usuari/Dropbox/Unidad%20externa.dbx-external-drive/1rAny/M3/UF6/XavierRocaUF6-JDBC/src/xavierrocauf6/jdbc/Ex01.java</file>
            <file>file:/home/usuari/Dropbox/Unidad%20externa.dbx-external-drive/1rAny/M3/UF6/XavierRocaUF6-JDBC/src/model/Coche.java</file>
        </group>
    </open-files>
</project-private>
