<?xml version="1.0" encoding="UTF-8"?>
<project-private xmlns="http://www.netbeans.org/ns/project-private/1">
    <editor-bookmarks xmlns="http://www.netbeans.org/ns/editor-bookmarks/2" lastBookmarkId="0"/>
    <open-files xmlns="http://www.netbeans.org/ns/projectui-open-files/2">
        <group>
            <file>file:/home/usuari/Dropbox/Unidad%20externa.dbx-external-drive/M3/UF5/XavierRocaUF5Col·leccions/src/xavierrocauf5col/leccions/Ex02.java</file>
            <file>file:/home/usuari/Dropbox/Unidad%20externa.dbx-external-drive/M3/UF5/XavierRocaUF5Col·leccions/src/xavierrocauf5col/leccions/Document.java</file>
            <file>file:/home/usuari/Dropbox/Unidad%20externa.dbx-external-drive/M3/UF5/XavierRocaUF5Col·leccions/src/xavierrocauf5col/leccions/Ex03.java</file>
            <file>file:/home/usuari/Dropbox/Unidad%20externa.dbx-external-drive/M3/UF5/XavierRocaUF5Col·leccions/src/xavierrocauf5col/leccions/Alumne.java</file>
            <file>file:/home/usuari/Dropbox/Unidad%20externa.dbx-external-drive/M3/UF5/XavierRocaUF5Col·leccions/src/xavierrocauf5col/leccions/Cua.java</file>
            <file>file:/home/usuari/Dropbox/Unidad%20externa.dbx-external-drive/M3/UF5/XavierRocaUF5Col·leccions/src/xavierrocauf5col/leccions/Ex04.java</file>
            <file>file:/home/usuari/Dropbox/Unidad%20externa.dbx-external-drive/M3/UF5/XavierRocaUF5Col·leccions/src/xavierrocauf5col/leccions/Peatge.java</file>
            <file>file:/home/usuari/Dropbox/Unidad%20externa.dbx-external-drive/M3/UF5/XavierRocaUF5Col·leccions/src/xavierrocauf5col/leccions/Cotxe.java</file>
            <file>file:/home/usuari/Dropbox/Unidad%20externa.dbx-external-drive/M3/UF5/XavierRocaUF5Col·leccions/src/xavierrocauf5col/leccions/Impresora.java</file>
        </group>
    </open-files>
</project-private>
