<?xml version="1.0" encoding="UTF-8"?>
<project-private xmlns="http://www.netbeans.org/ns/project-private/1">
    <editor-bookmarks xmlns="http://www.netbeans.org/ns/editor-bookmarks/2" lastBookmarkId="0"/>
    <open-files xmlns="http://www.netbeans.org/ns/projectui-open-files/2">
        <group>
            <file>file:/home/alfredo/dades/IESCV/M3_Programacio/UF5-LlibreriesFonamentals/IO/Exemple_Fitxer_Objectes/src/exemple_fitxer_objectes/Exemple_Fitxer_Persona.java</file>
            <file>file:/home/alfredo/dades/IESCV/M3_Programacio/UF5-LlibreriesFonamentals/IO/Exemple_Fitxer_Objectes/src/exemple_fitxer_objectes/Persona.java</file>
            <file>file:/home/alfredo/dades/IESCV/M3_Programacio/UF5-LlibreriesFonamentals/IO/Exemple_Fitxer_Objectes/src/exemple_fitxer_objectes/ObjectOutputStreamAdd.java</file>
        </group>
    </open-files>
</project-private>
