<?xml version="1.0" encoding="UTF-8"?>
<project-private xmlns="http://www.netbeans.org/ns/project-private/1">
    <editor-bookmarks xmlns="http://www.netbeans.org/ns/editor-bookmarks/2" lastBookmarkId="0"/>
    <open-files xmlns="http://www.netbeans.org/ns/projectui-open-files/2">
        <group>
            <file>file:/media/usuari/0FAFB1061A42A065/M3/RocaPérezXavierM3UF1Pe2/src/rocapérezxavierm3uf1pe2/Ex03.java</file>
            <file>file:/media/usuari/0FAFB1061A42A065/M3/RocaPérezXavierM3UF1Pe2/src/rocapérezxavierm3uf1pe2/Ex01.java</file>
            <file>file:/media/usuari/0FAFB1061A42A065/M3/RocaPérezXavierM3UF1Pe2/src/rocapérezxavierm3uf1pe2/Ex02.java</file>
        </group>
    </open-files>
</project-private>
