<?xml version="1.0" encoding="UTF-8"?>
<project-private xmlns="http://www.netbeans.org/ns/project-private/1">
    <editor-bookmarks xmlns="http://www.netbeans.org/ns/editor-bookmarks/2" lastBookmarkId="0"/>
    <open-files xmlns="http://www.netbeans.org/ns/projectui-open-files/2">
        <group>
            <file>file:/media/usuari/0FAFB1061A42A065/M3/UF3/XavierRocaUF3FitxerDeText/src/xavierrocauf3fitxerdetext/Alumne.java</file>
            <file>file:/media/usuari/0FAFB1061A42A065/M3/UF3/XavierRocaUF3FitxerDeText/src/xavierrocauf3fitxerdetext/Ex02.java</file>
            <file>file:/media/usuari/0FAFB1061A42A065/M3/UF3/XavierRocaUF3FitxerDeText/src/xavierrocauf3fitxerdetext/Ex04_Objecte.java</file>
            <file>file:/media/usuari/0FAFB1061A42A065/M3/UF3/XavierRocaUF3FitxerDeText/src/xavierrocauf3fitxerdetext/Ex03_Objecte.java</file>
            <file>file:/media/usuari/0FAFB1061A42A065/M3/UF3/XavierRocaUF3FitxerDeText/src/xavierrocauf3fitxerdetext/Ex01.java</file>
            <file>file:/media/usuari/0FAFB1061A42A065/M3/UF3/XavierRocaUF3FitxerDeText/src/xavierrocauf3fitxerdetext/Treballador.java</file>
            <file>file:/media/usuari/0FAFB1061A42A065/M3/UF3/XavierRocaUF3FitxerDeText/src/xavierrocauf3fitxerdetext/Util.java</file>
            <file>file:/media/usuari/0FAFB1061A42A065/M3/UF3/XavierRocaUF3FitxerDeText/src/xavierrocauf3fitxerdetext/Ex04.java</file>
            <file>file:/media/usuari/0FAFB1061A42A065/M3/UF3/XavierRocaUF3FitxerDeText/src/xavierrocauf3fitxerdetext/Ex03.java</file>
        </group>
    </open-files>
</project-private>
