<?xml version="1.0" encoding="UTF-8"?>
<project-private xmlns="http://www.netbeans.org/ns/project-private/1">
    <editor-bookmarks xmlns="http://www.netbeans.org/ns/editor-bookmarks/2" lastBookmarkId="0"/>
    <open-files xmlns="http://www.netbeans.org/ns/projectui-open-files/2">
        <group>
            <file>file:/media/usuari/0FAFB1061A42A065/M3/XavierRocaExercici4/src/xavierrocaexercici4/Ex05.java</file>
            <file>file:/media/usuari/0FAFB1061A42A065/M3/XavierRocaExercici4/src/xavierrocaexercici4/Ex15.java</file>
            <file>file:/media/usuari/0FAFB1061A42A065/M3/XavierRocaExercici4/src/xavierrocaexercici4/Ex08.java</file>
            <file>file:/media/usuari/0FAFB1061A42A065/M3/XavierRocaExercici4/src/xavierrocaexercici4/Ex12.java</file>
            <file>file:/media/usuari/0FAFB1061A42A065/M3/XavierRocaExercici4/src/xavierrocaexercici4/Ex16.java</file>
            <file>file:/media/usuari/0FAFB1061A42A065/M3/XavierRocaExercici4/src/xavierrocaexercici4/Ex20.java</file>
            <file>file:/media/usuari/0FAFB1061A42A065/M3/XavierRocaExercici4/src/xavierrocaexercici4/Ex04.java</file>
            <file>file:/media/usuari/0FAFB1061A42A065/M3/XavierRocaExercici4/src/xavierrocaexercici4/Ex01.java</file>
            <file>file:/media/usuari/0FAFB1061A42A065/M3/XavierRocaExercici4/src/xavierrocaexercici4/Ex19.java</file>
            <file>file:/media/usuari/0FAFB1061A42A065/M3/XavierRocaExercici4/src/xavierrocaexercici4/Ex09.java</file>
            <file>file:/media/usuari/0FAFB1061A42A065/M3/XavierRocaExercici4/src/xavierrocaexercici4/Ex06.java</file>
            <file>file:/media/usuari/0FAFB1061A42A065/M3/XavierRocaExercici4/src/xavierrocaexercici4/Ex14.java</file>
            <file>file:/media/usuari/0FAFB1061A42A065/M3/XavierRocaExercici4/src/xavierrocaexercici4/Ex03.java</file>
            <file>file:/media/usuari/0FAFB1061A42A065/M3/XavierRocaExercici4/src/xavierrocaexercici4/Ex17.java</file>
            <file>file:/media/usuari/0FAFB1061A42A065/M3/XavierRocaExercici4/src/xavierrocaexercici4/Ex11.java</file>
            <file>file:/media/usuari/0FAFB1061A42A065/M3/XavierRocaExercici4/src/xavierrocaexercici4/Ex07.java</file>
            <file>file:/media/usuari/0FAFB1061A42A065/M3/XavierRocaExercici4/src/xavierrocaexercici4/Ex13.java</file>
            <file>file:/media/usuari/0FAFB1061A42A065/M3/XavierRocaExercici4/src/xavierrocaexercici4/Ex02.java</file>
            <file>file:/media/usuari/0FAFB1061A42A065/M3/XavierRocaExercici4/src/xavierrocaexercici4/Ex18.java</file>
            <file>file:/media/usuari/0FAFB1061A42A065/M3/XavierRocaExercici4/src/xavierrocaexercici4/Ex10.java</file>
        </group>
    </open-files>
</project-private>
