<?xml version="1.0" encoding="UTF-8"?>
<project-private xmlns="http://www.netbeans.org/ns/project-private/1">
    <editor-bookmarks xmlns="http://www.netbeans.org/ns/editor-bookmarks/2" lastBookmarkId="0"/>
    <open-files xmlns="http://www.netbeans.org/ns/projectui-open-files/2">
        <group>
            <file>file:/home/usuari/Dropbox/Unidad%20externa.dbx-external-drive/1rAny/M3/UF6/RocaXavierM3UF6Pe1/src/persist/BDUtil.java</file>
            <file>file:/home/usuari/Dropbox/Unidad%20externa.dbx-external-drive/1rAny/M3/UF6/RocaXavierM3UF6Pe1/src/persist/BaseDAO.java</file>
            <file>file:/home/usuari/Dropbox/Unidad%20externa.dbx-external-drive/1rAny/M3/UF6/RocaXavierM3UF6Pe1/src/rocaxavierm3uf6pe1/Ex01.java</file>
        </group>
    </open-files>
</project-private>
