<?xml version="1.0" encoding="UTF-8"?>
<project-private xmlns="http://www.netbeans.org/ns/project-private/1">
    <editor-bookmarks xmlns="http://www.netbeans.org/ns/editor-bookmarks/2" lastBookmarkId="0"/>
    <open-files xmlns="http://www.netbeans.org/ns/projectui-open-files/2">
        <group>
            <file>file:/home/usuari/Dropbox/Unidad%20externa.dbx-external-drive/M3/UF4/XavierRocaUF4ObjecteAbstract/src/xavierrocauf4objecteabstract/Ex03.java</file>
            <file>file:/home/usuari/Dropbox/Unidad%20externa.dbx-external-drive/M3/UF4/XavierRocaUF4ObjecteAbstract/src/xavierrocauf4objecteabstract/Alumne.java</file>
            <file>file:/home/usuari/Dropbox/Unidad%20externa.dbx-external-drive/M3/UF4/XavierRocaUF4ObjecteAbstract/src/xavierrocauf4objecteabstract/Eso.java</file>
            <file>file:/home/usuari/Dropbox/Unidad%20externa.dbx-external-drive/M3/UF4/XavierRocaUF4ObjecteAbstract/src/xavierrocauf4objecteabstract/Pacient.java</file>
            <file>file:/home/usuari/Dropbox/Unidad%20externa.dbx-external-drive/M3/UF4/XavierRocaUF4ObjecteAbstract/src/xavierrocauf4objecteabstract/Batxillerat.java</file>
            <file>file:/home/usuari/Dropbox/Unidad%20externa.dbx-external-drive/M3/UF4/XavierRocaUF4ObjecteAbstract/src/xavierrocauf4objecteabstract/Ex04.java</file>
            <file>file:/home/usuari/Dropbox/Unidad%20externa.dbx-external-drive/M3/UF4/XavierRocaUF4ObjecteAbstract/src/xavierrocauf4objecteabstract/Consulta.java</file>
            <file>file:/home/usuari/Dropbox/Unidad%20externa.dbx-external-drive/M3/UF4/XavierRocaUF4ObjecteAbstract/src/xavierrocauf4objecteabstract/Professor.java</file>
            <file>file:/home/usuari/Dropbox/Unidad%20externa.dbx-external-drive/M3/UF4/XavierRocaUF4ObjecteAbstract/src/xavierrocauf4objecteabstract/Util.java</file>
            <file>file:/home/usuari/Dropbox/Unidad%20externa.dbx-external-drive/M3/UF4/XavierRocaUF4ObjecteAbstract/src/xavierrocauf4objecteabstract/Institut.java</file>
            <file>file:/home/usuari/Dropbox/Unidad%20externa.dbx-external-drive/M3/UF4/XavierRocaUF4ObjecteAbstract/src/xavierrocauf4objecteabstract/Home.java</file>
            <file>file:/home/usuari/Dropbox/Unidad%20externa.dbx-external-drive/M3/UF4/XavierRocaUF4ObjecteAbstract/src/xavierrocauf4objecteabstract/Dona.java</file>
            <file>file:/home/usuari/Dropbox/Unidad%20externa.dbx-external-drive/M3/UF4/XavierRocaUF4ObjecteAbstract/src/xavierrocauf4objecteabstract/Persona.java</file>
        </group>
    </open-files>
</project-private>
