<?xml version="1.0" encoding="UTF-8"?>
<project-private xmlns="http://www.netbeans.org/ns/project-private/1">
    <editor-bookmarks xmlns="http://www.netbeans.org/ns/editor-bookmarks/2" lastBookmarkId="0"/>
    <open-files xmlns="http://www.netbeans.org/ns/projectui-open-files/2">
        <group>
            <file>file:/home/usuari/Dropbox/Unidad%20externa.dbx-external-drive/M3/UF5/XavierRocaUF5Col·leccionsMap/src/xavierrocauf5col/leccionsmap/Ex07.java</file>
            <file>file:/home/usuari/Dropbox/Unidad%20externa.dbx-external-drive/M3/UF5/XavierRocaUF5Col·leccionsMap/src/xavierrocauf5col/leccionsmap/Diccionari.java</file>
            <file>file:/home/usuari/Dropbox/Unidad%20externa.dbx-external-drive/M3/UF5/XavierRocaUF5Col·leccionsMap/src/xavierrocauf5col/leccionsmap/Ex08.java</file>
            <file>file:/home/usuari/Dropbox/Unidad%20externa.dbx-external-drive/M3/UF5/XavierRocaUF5Col·leccionsMap/src/xavierrocauf5col/leccionsmap/Paraula.java</file>
            <file>file:/home/usuari/Dropbox/Unidad%20externa.dbx-external-drive/M3/UF5/XavierRocaUF5Col·leccionsMap/src/xavierrocauf5col/leccionsmap/Contacte.java</file>
            <file>file:/home/usuari/Dropbox/Unidad%20externa.dbx-external-drive/M3/UF5/XavierRocaUF5Col·leccionsMap/src/xavierrocauf5col/leccionsmap/Agenda.java</file>
        </group>
    </open-files>
</project-private>
