<?xml version="1.0" encoding="UTF-8"?>
<project-private xmlns="http://www.netbeans.org/ns/project-private/1">
    <editor-bookmarks xmlns="http://www.netbeans.org/ns/editor-bookmarks/2" lastBookmarkId="0"/>
    <open-files xmlns="http://www.netbeans.org/ns/projectui-open-files/2">
        <group>
            <file>file:/home/usuari/Dropbox/Unidad%20externa.dbx-external-drive/1rAny/M3/UF6/XavierRocaUF6-DAO/src/xavierrocauf6/dao/Ex02.java</file>
            <file>file:/home/usuari/Dropbox/Unidad%20externa.dbx-external-drive/1rAny/M3/UF6/XavierRocaUF6-DAO/src/model/Coche.java</file>
            <file>file:/home/usuari/Dropbox/Unidad%20externa.dbx-external-drive/1rAny/M3/UF6/XavierRocaUF6-DAO/src/persist/BaseDAO.java</file>
            <file>file:/home/usuari/Dropbox/Unidad%20externa.dbx-external-drive/1rAny/M3/UF6/XavierRocaUF6-DAO/src/persist2/PeliculaDAO.java</file>
            <file>file:/home/usuari/Dropbox/Unidad%20externa.dbx-external-drive/1rAny/M3/UF6/XavierRocaUF6-DAO/src/persist2/BDUtil.java</file>
            <file>file:/home/usuari/Dropbox/Unidad%20externa.dbx-external-drive/1rAny/M3/UF6/XavierRocaUF6-DAO/src/model2/Pelicula.java</file>
            <file>file:/home/usuari/Dropbox/Unidad%20externa.dbx-external-drive/1rAny/M3/UF6/XavierRocaUF6-DAO/src/persist/CocheDAO.java</file>
            <file>file:/home/usuari/Dropbox/Unidad%20externa.dbx-external-drive/1rAny/M3/UF6/XavierRocaUF6-DAO/src/persist/BDUtil.java</file>
            <file>file:/home/usuari/Dropbox/Unidad%20externa.dbx-external-drive/1rAny/M3/UF6/XavierRocaUF6-DAO/src/model2/Director.java</file>
            <file>file:/home/usuari/Dropbox/Unidad%20externa.dbx-external-drive/1rAny/M3/UF6/XavierRocaUF6-DAO/src/model/Propietari.java</file>
            <file>file:/home/usuari/Dropbox/Unidad%20externa.dbx-external-drive/1rAny/M3/UF6/XavierRocaUF6-DAO/src/persist2/BaseDAO.java</file>
            <file>file:/home/usuari/Dropbox/Unidad%20externa.dbx-external-drive/1rAny/M3/UF6/XavierRocaUF6-DAO/src/persist2/DirectorDAO.java</file>
            <file>file:/home/usuari/Dropbox/Unidad%20externa.dbx-external-drive/1rAny/M3/UF6/XavierRocaUF6-DAO/src/xavierrocauf6/dao/Ex01.java</file>
            <file>file:/home/usuari/Dropbox/Unidad%20externa.dbx-external-drive/1rAny/M3/UF6/XavierRocaUF6-DAO/src/persist/PropietariDAO.java</file>
        </group>
    </open-files>
</project-private>
