<?xml version="1.0" encoding="UTF-8"?>
<project-private xmlns="http://www.netbeans.org/ns/project-private/1">
    <editor-bookmarks xmlns="http://www.netbeans.org/ns/editor-bookmarks/2" lastBookmarkId="0"/>
    <open-files xmlns="http://www.netbeans.org/ns/projectui-open-files/2">
        <group>
            <file>file:/home/usuari/Dropbox/Unidad%20externa.dbx-external-drive/1rAño/M3/UF5/XavierRocaUF5-Pt1/src/model/Magatzem.java</file>
            <file>file:/home/usuari/Dropbox/Unidad%20externa.dbx-external-drive/1rAño/M3/UF5/XavierRocaUF5-Pt1/src/model/Categoria.java</file>
            <file>file:/home/usuari/Dropbox/Unidad%20externa.dbx-external-drive/1rAño/M3/UF5/XavierRocaUF5-Pt1/src/model/Videojoc.java</file>
            <file>file:/home/usuari/Dropbox/Unidad%20externa.dbx-external-drive/1rAño/M3/UF5/XavierRocaUF5-Pt1/src/controler/BotigaCtl.java</file>
            <file>file:/home/usuari/Dropbox/Unidad%20externa.dbx-external-drive/1rAño/M3/UF5/XavierRocaUF5-Pt1/src/view/Pantalla.java</file>
            <file>file:/home/usuari/Dropbox/Unidad%20externa.dbx-external-drive/1rAño/M3/UF5/XavierRocaUF5-Pt1/src/Principal/Principal.java</file>
            <file>file:/home/usuari/Dropbox/Unidad%20externa.dbx-external-drive/1rAño/M3/UF5/XavierRocaUF5-Pt1/src/view/PantallaLlista.java</file>
        </group>
    </open-files>
</project-private>
