<?xml version="1.0" encoding="UTF-8"?>
<project-private xmlns="http://www.netbeans.org/ns/project-private/1">
    <editor-bookmarks xmlns="http://www.netbeans.org/ns/editor-bookmarks/2" lastBookmarkId="0"/>
    <open-files xmlns="http://www.netbeans.org/ns/projectui-open-files/2">
        <group>
            <file>file:/home/usuari/Dropbox/Unidad%20externa.dbx-external-drive/M3/UF4/XavierRocaUF4Objetos1/src/xavierrocauf4objetos1/Ex12.java</file>
            <file>file:/home/usuari/Dropbox/Unidad%20externa.dbx-external-drive/M3/UF4/XavierRocaUF4Objetos1/src/xavierrocauf4objetos1/Treballador.java</file>
            <file>file:/home/usuari/Dropbox/Unidad%20externa.dbx-external-drive/M3/UF4/XavierRocaUF4Objetos1/src/xavierrocauf4objetos1/Bibliotecaria.java</file>
            <file>file:/home/usuari/Dropbox/Unidad%20externa.dbx-external-drive/M3/UF4/XavierRocaUF4Objetos1/src/xavierrocauf4objetos1/Estudiant.java</file>
            <file>file:/home/usuari/Dropbox/Unidad%20externa.dbx-external-drive/M3/UF4/XavierRocaUF4Objetos1/src/xavierrocauf4objetos1/Ex09.java</file>
            <file>file:/home/usuari/Dropbox/Unidad%20externa.dbx-external-drive/M3/UF4/XavierRocaUF4Objetos1/src/xavierrocauf4objetos1/BlocDeNotes.java</file>
            <file>file:/home/usuari/Dropbox/Unidad%20externa.dbx-external-drive/M3/UF4/XavierRocaUF4Objetos1/src/xavierrocauf4objetos1/Curs.java</file>
            <file>file:/home/usuari/Dropbox/Unidad%20externa.dbx-external-drive/M3/UF4/XavierRocaUF4Objetos1/src/xavierrocauf4objetos1/Soci.java</file>
            <file>file:/home/usuari/Dropbox/Unidad%20externa.dbx-external-drive/M3/UF4/XavierRocaUF4Objetos1/src/xavierrocauf4objetos1/Ex10.java</file>
            <file>file:/home/usuari/Dropbox/Unidad%20externa.dbx-external-drive/M3/UF4/XavierRocaUF4Objetos1/src/xavierrocauf4objetos1/Llibre.java</file>
            <file>file:/home/usuari/Dropbox/Unidad%20externa.dbx-external-drive/M3/UF4/XavierRocaUF4Objetos1/src/xavierrocauf4objetos1/Ex11.java</file>
            <file>file:/home/usuari/Dropbox/Unidad%20externa.dbx-external-drive/M3/UF4/XavierRocaUF4Objetos1/src/xavierrocauf4objetos1/Empresa.java</file>
            <file>file:/home/usuari/Dropbox/Unidad%20externa.dbx-external-drive/M3/UF4/XavierRocaUF4Objetos1/src/xavierrocauf4objetos1/Biblioteca.java</file>
            <file>file:/home/usuari/Dropbox/Unidad%20externa.dbx-external-drive/M3/UF4/XavierRocaUF4Objetos1/src/xavierrocauf4objetos1/Ex08.java</file>
        </group>
    </open-files>
</project-private>
