<?xml version="1.0" encoding="UTF-8"?>
<project-private xmlns="http://www.netbeans.org/ns/project-private/1">
    <editor-bookmarks xmlns="http://www.netbeans.org/ns/editor-bookmarks/2" lastBookmarkId="0"/>
    <open-files xmlns="http://www.netbeans.org/ns/projectui-open-files/2">
        <group>
            <file>file:/home/usuari/Dropbox/Unidad%20externa.dbx-external-drive/1rAny/M3/UF6/RocaXavierM3UF6Pt1/src/view/VistaPrincipal.java</file>
            <file>file:/home/usuari/Dropbox/Unidad%20externa.dbx-external-drive/1rAny/M3/UF6/RocaXavierM3UF6Pt1/src/model/Categoria.java</file>
            <file>file:/home/usuari/Dropbox/Unidad%20externa.dbx-external-drive/1rAny/M3/UF6/RocaXavierM3UF6Pt1/src/Principal/Principal.java</file>
            <file>file:/home/usuari/Dropbox/Unidad%20externa.dbx-external-drive/1rAny/M3/UF6/RocaXavierM3UF6Pt1/src/persist/BaseDAO.java</file>
            <file>file:/home/usuari/Dropbox/Unidad%20externa.dbx-external-drive/1rAny/M3/UF6/RocaXavierM3UF6Pt1/src/persist/CategoriaDAO.java</file>
            <file>file:/home/usuari/Dropbox/Unidad%20externa.dbx-external-drive/1rAny/M3/UF6/RocaXavierM3UF6Pt1/src/controler/BmCtl.java</file>
            <file>file:/home/usuari/Dropbox/Unidad%20externa.dbx-external-drive/1rAny/M3/UF6/RocaXavierM3UF6Pt1/src/view/VistaAfegirYModificar.java</file>
            <file>file:/home/usuari/Dropbox/Unidad%20externa.dbx-external-drive/1rAny/M3/UF6/RocaXavierM3UF6Pt1/src/util/Util.java</file>
            <file>file:/home/usuari/Dropbox/Unidad%20externa.dbx-external-drive/1rAny/M3/UF6/RocaXavierM3UF6Pt1/src/model/Vaixell.java</file>
            <file>file:/home/usuari/Dropbox/Unidad%20externa.dbx-external-drive/1rAny/M3/UF6/RocaXavierM3UF6Pt1/src/persist/VaixellDAO.java</file>
            <file>file:/home/usuari/Dropbox/Unidad%20externa.dbx-external-drive/1rAny/M3/UF6/RocaXavierM3UF6Pt1/src/persist/BDUtil.java</file>
            <file>file:/home/usuari/Dropbox/Unidad%20externa.dbx-external-drive/1rAny/M3/UF6/RocaXavierM3UF6Pt1/src/controler/LlistaCtl.java</file>
        </group>
    </open-files>
</project-private>
